	run	n_reads	b_ed	m_ed	change_ed	n_better	p_better	n_same	p_same	n_worse	p_worse
0	decode-12	1358	0.23676384214108104	0.26284896685489506	11.017359947331238	71	5.228276877761414	32	2.3564064801178204	1255	92.41531664212077
1	decode-10	1358	0.23676384214108104	0.24174352841941618	2.103229206496778	325	23.932253313696613	151	11.119293078055964	882	64.94845360824742
2	decode-14	1358	0.23676384214108104	0.23671990549035465	-0.018557162415113716	216	15.905743740795286	951	70.02945508100147	191	14.06480117820324
3	decode-16	1358	0.23676384214108104	0.23677410166680324	0.00433323164104048	248	18.262150220913107	861	63.4020618556701	249	18.335787923416788
4	decode-18	1014	0.23697947881582443	0.23688033303062675	-0.041837287217064756	149	14.694280078895464	735	72.48520710059172	130	12.82051282051282
5	decode-20	1034	0.2369319806188393	0.23691561541615017	-0.006907131171735289	169	16.344294003868473	683	66.0541586073501	182	17.60154738878143
